<skin version="1.1" name="Modieus" author="LongTail Video">

	<settings>
		<setting name="frontcolor" value="0xFFFFFF" />
		<setting name="lightcolor" value="0xFFFFFF" />
		<setting name="screencolor" value="0x404040" />
	</settings>

	<components>
		<component name="controlbar">
			<settings>
				<setting name="margin" value="0" />
				<setting name="fontsize" value="10" />
				<setting name="fontcolor" value="0xE5E5E5" />
				<setting name="buttoncolor" value="0xE5E5E5" />
			</settings>

			<layout>
				<group position="left">
					<button name="play" />
					<divider name="divider" />
					<button name="prev" />
					<divider name="divider" />
					<button name="next" />
					<divider name="divider" />
					<text name="elapsed" />
				</group>
				<group position="center">
					<slider name="time" />
				</group>
				<group position="right">
					<text name="duration" />
					<divider name="divider" />
					<button name="blank" />
					<divider name="divider" />
					<button name="mute" />
					<slider name="volume" />
					<divider name="divider" />
					<button name="fullscreen" />
				</group>
			</layout>

			<elements>
				<element name="background" src="background.png" />
				<element name="capLeft" src="cap.png" />
				<element name="capRight" src="cap.png" />
				<element name="divider" src="cap.png" />
				<element name="blankButton" src="blankButton.png" />
				<element name="blankButtonOver" src="blankButton.png" />
				<element name="playButton" src="playButton.png" />
				<element name="playButtonOver" src="playButtonOver.png" />
				<element name="pauseButton" src="pauseButton.png" />
				<element name="pauseButtonOver" src="pauseButtonOver.png" />
				<element name="prevButton" src="prevButton.png" />
				<element name="prevButtonOver" src="prevButtonOver.png" />
				<element name="nextButton" src="nextButton.png" />
				<element name="nextButtonOver" src="nextButtonOver.png" />
				<element name="timeSliderRail" src="timeSliderRail.png" />
				<element name="timeSliderBuffer" src="timeSliderBuffer.png" />
				<element name="timeSliderProgress" src="timeSliderProgress.png" />
				<element name="timeSliderThumb" src="timeSliderThumb.png" />
				<element name="muteButton" src="muteButton.png" />
				<element name="muteButtonOver" src="muteButtonOver.png" />
				<element name="unmuteButton" src="unmuteButton.png" />
				<element name="unmuteButtonOver" src="unmuteButtonOver.png" />
				<element name="volumeSliderRail" src="volumeSliderRail.png" />
				<element name="volumeSliderProgress" src="volumeSliderProgress.png" />
				<element name="volumeSliderCapRight" src="volumeSliderCapRight.png" />
				<element name="fullscreenButton" src="fullscreenButton.png" />
				<element name="fullscreenButtonOver" src="fullscreenButtonOver.png" />
				<element name="normalscreenButton" src="normalscreenButton.png" />
				<element name="normalscreenButtonOver" src="normalscreenButtonOver.png" />
			</elements>
		</component>
		
		<component name="display">
			<settings>
				<setting name="backgroundcolor" value="0x404040" />
				<setting name="bufferinterval" value="50" />
				<setting name="bufferrotation" value="30" />
			</settings>
			<elements>
				<element name="background" src="background.png" />
				<element name="bufferIcon" src="bufferIcon.png" />
				<element name="playIcon" src="playIcon.png" />
				<element name="playIconOver" src="playIconOver.png" />
				<element name="muteIcon" src="muteIcon.png" />
				<element name="muteIconOver" src="muteIconOver.png" />
				<element name="errorIcon" src="muteIcon.png" />
			</elements>
		</component>
		
		<component name="dock">
			<settings>
				<setting name="fontcolor" value="0xffffff" />
			</settings>
			<elements>
				<element name="button" src="button.png" />
			</elements>
		</component>
		
		<component name="playlist">
			<settings>
				<setting name="backgroundcolor" value="0x262626" />
				<setting name="fontcolor" value="0xE5E5E5" />
				<setting name="overcolor" value="0xFFFFFF" />
				<setting name="activecolor" value="0xFFFFFF" />
			</settings>
			<elements>
				<element name="item" src="item.png" />
				<element name="itemOver" src="itemOver.png" />
				<element name="itemActive" src="itemActive.png" />
				<element name="sliderCapBottom" src="sliderCap.png" />
				<element name="sliderCapTop" src="sliderCap.png" />
				<element name="sliderRail" src="sliderRail.png" />
				<element name="sliderThumb" src="sliderThumb.png" />
			</elements>
		</component>

		<component name="sharing">
			<elements>
				<element name="embedIcon" src="embedIcon.png" />
				<element name="embedScreen" src="embedScreen.png" />
				<element name="shareIcon" src="shareIcon.png" />
				<element name="shareScreen" src="shareScreen.png" />
			</elements>
		</component>

	</components>

</skin>